{
  "uppercase_ratio": 0.2211426743761073,
  "sender_name_length": 0.16454704873009254,
  "body_length": 0.10584248816228499,
  "suspicious_keywords_count": 0.10575804709905154,
  "hour_of_day": 0.08025045437577874,
  "subject_length": 0.07026533606808678,
  "subject_exclamation_count": 0.06914190124130816,
  "body_has_links": 0.058303026359244066,
  "day_of_week": 0.03392003363932394,
  "domain_reputation_score": 0.03232903772850667,
  "urgency_score": 0.026204342635448467,
  "has_grammar_errors": 0.016407624906705373,
  "is_weekend": 0.009276355735766923,
  "body_has_attachments": 0.0032330613303124893,
  "subject_has_urgent": 0.0021455215983179556,
  "subject_has_account": 0.0006826342272272003,
  "subject_has_verify": 0.0005371506891136518,
  "sender_has_suspicious_tld": 1.3261097323216742e-05,
  "url_count": 0.0,
  "has_url_shortener": 0.0,
  "has_suspicious_tld": 0.0,
  "avg_url_length": 0.0,
  "max_url_length": 0.0,
  "url_special_char_ratio": 0.0
}